{
  "pn": "TRUTH",
  "bpm": 0,
  "ch": 16,
  "cu": [
    "https%3A%2F%2Fordinals.com%2Fcontent%2Fe7d344ef3098d0889856978c4d2e81ccf2358f7f8b66feecc71e03036c59ad48i0",
    "https%3A%2F%2Fordinals.com%2Fcontent%2Fd030eb3d8bcd68b0ed02b0c67fdb981342eea40b0383814f179a48e76927db93i0",
    "https%3A%2F%2Fordinals.com%2Fcontent%2Fef5707e6ecf4d5b6edb4c3a371ca1c57b5d1057c6505ccb5f8bdc8918b0c4d94i0",
    "https%3A%2F%2Fordinals.com%2Fcontent%2F3b7482a832c4f27c32fc1da7cc4249bbbac1cbdfbdb8673079cad0c33486d233i0",
    "https%3A%2F%2Fordinals.com%2Fcontent%2F5a42d7b2e2fe01e4f31cbad5dd671997f87339d970faaab37f6355c4a2f3be5ai0",
    "https%3A%2F%2Fordinals.com%2Fcontent%2F1bda678460ef08fb64435b57c9b69fd78fd4556822ccd8e9839b4eb71b3621edi0",
    "https%3A%2F%2Fordinals.com%2Fcontent%2F91f52a4ca00bb27383ae149f24b605d75ea99df033a6cbb6de2389455233bf51i0",
    "https%3A%2F%2Fordinals.com%2Fcontent%2Fddc1838c1a6a3c45b2c6e19ff278c3b51b0797c3f1339c533370442d23687a68i0",
    "https%3A%2F%2Fordinals.com%2Fcontent%2F1e3c2571e96729153e4b63e2b561d85aec7bc5ba372d293af469a525dfa3ed59i0",
    "https%3A%2F%2Fordinals.com%2Fcontent%2F437868aecce108d49f9b29c2f477987cb5834ffdf639a650335af7f0fdd5e55bi0",
    "https%3A%2F%2Fordinals.com%2Fcontent%2F3be1f8e37b718f5b9874aecad792504c5822dc8dfc727ad4928594f7725db987i0",
    "https%3A%2F%2Fordinals.com%2Fcontent%2Fbd02c39ac1adad2c4a5f79dd4a6a9f08549488348cdf7e669a397840eb2673e1i0",
    "https%3A%2F%2Fordinals.com%2Fcontent%2Fe070d07283f4a41a8a60fda4462814046ac5d342a4afac407e8b1f57f334fb52i0",
    "https%3A%2F%2Fordinals.com%2Fcontent%2Fc41587924f9d93d01cb71ca925fd664d6e50f1ac8e3c975d5e1e1f1bb0ff11b3i0",
    "https%3A%2F%2Fordinals.com%2Fcontent%2F5a42d7b2e2fe01e4f31cbad5dd671997f87339d970faaab37f6355c4a2f3be5ai0",
    "https%3A%2F%2Fordinals.com%2Fcontent%2Fc739603c895db94b13590eae4ec77cdd932442806ef41936d093c6e9436d7bdfi6"
  ],
  "ts": {},
  "vol": [
    0.48,
    0.33,
    0.5,
    0.5,
    0.64,
    0.4,
    0.63,
    0.87,
    0.6,
    0.5799999833106995,
    0.46000000834465027,
    0.71,
    0.5,
    0.61,
    0.2800000011920929,
    1.18
  ],
  "ps": [
    0.66,
    0.96,
    0.69,
    0.1,
    5.96,
    0.14,
    0.1,
    1,
    0.47,
    0.88,
    0.99,
    0.1,
    0.1,
    0.1,
    1,
    0.9
  ],
  "seq": {}
}